{
  "_description": "Saved model parameters used by src/predict.py",
  "theta0": 8499.599649933163,
  "theta1": -0.02144896359170181
}
